{"minzoom":0,"maxzoom":9,"center":[50.315269,26.11556,9.0],"bounds":[50.315269,25.571661,50.900036,26.422892]}